Clu |Bind.energy[kcal/mol]|Dissoc. constant [pM]| Contacting receptor residues
----+---------------------+---------------------+-----------------------------                                          
001 |         000005.4160 | 00000107156704.0000 | A GLN 33 A CYS 34 A PRO 35 A ARG 81 A GLU 82 A THR 83 A TYR 84 A GLY 85 A GLU 86 A ASP 89 A LYS 93 A GLU 97 A GLU 100 A CYS 101 A GLN 104 A HIS 105 A LYS 106 A ASP 107 A ASP 108 A ASN 109 A PRO 110 A ASN 111 A LEU 112 A PRO 113 A ARG 114 A LEU 115 A VAL 116 A TYR 140 A ARG 144 A ARG 145 A HIS 146 A ARG 186 A LYS 190 A ARG 197 A GLN 204 A LYS 205 A PHE 206 A GLN 417 A VAL 418 A SER 419 A THR 420 A PRO 421 A THR 422 A VAL 424 A GLU 425 A VAL 462 A HIS 464 A GLU 465 A LYS 466 A THR 467 A PRO 468 A VAL 469 A THR 474 A THR 478 A LYS 500 A ALA 504 A GLU 505 A THR 506 A PHE 507 A THR 508 A PHE 509 A HIS 510 A ALA 511 A ASP 512 A THR 515 A LEU 516 A SER 517 A GLU 520 A ILE 523 A LYS 524 A THR 527 A GLU 531 A LYS 534 A GLU 565 A PHE 568 A ALA 569 A GLY 572                                 
002 |         000004.9840 | 00000222167008.0000 | A GLN 33 A PRO 35 A PHE 36 A GLU 37 A ARG 81 A GLU 82 A THR 83 A TYR 84 A GLY 85 A GLU 86 A ASP 89 A CYS 90 A LYS 93 A GLU 97 A GLU 100 A CYS 101 A GLN 104 A HIS 105 A LYS 106 A ASP 107 A ASP 108 A ASN 109 A PRO 110 A ASN 111 A LEU 112 A PRO 113 A ARG 114 A LEU 115 A LYS 137 A TYR 140 A GLU 141 A ARG 144 A ARG 145 A ARG 197 A GLN 204 A LYS 205 A PHE 206 A PRO 416 A GLN 417 A VAL 418 A SER 419 A THR 420 A PRO 421 A THR 422 A HIS 464 A GLU 465 A LYS 466 A THR 467 A PRO 468 A VAL 469 A ASP 471 A THR 474 A THR 478 A THR 496 A TYR 497 A VAL 498 A LYS 500 A GLU 501 A ASN 503 A GLU 505 A THR 506 A PHE 507 A THR 508 A HIS 510 A ASP 512 A LEU 516 A ILE 523 A LYS 524 A THR 527 A GLU 531 A LYS 534
002 |         000004.9840 | 00000222167008.0000 | A GLN 33 A PRO 35 A PHE 36 A GLU 37 A ARG 81 A GLU 82 A THR 83 A TYR 84 A GLY 85 A GLU 86 A ASP 89 A CYS 90 A LYS 93 A GLU 97 A GLU 100 A CYS 101 A GLN 104 A HIS 105 A LYS 106 A ASP 107 A ASP 108 A ASN 109 A PRO 110 A ASN 111 A LEU 112 A PRO 113 A ARG 114 A LEU 115 A LYS 137 A TYR 140 A GLU 141 A ARG 144 A ARG 145 A ARG 197 A GLN 204 A LYS 205 A PHE 206 A PRO 416 A GLN 417 A VAL 418 A SER 419 A THR 420 A PRO 421 A THR 422 A HIS 464 A GLU 465 A LYS 466 A THR 467 A PRO 468 A VAL 469 A ASP 471 A THR 474 A THR 478 A THR 496 A TYR 497 A VAL 498 A LYS 500 A GLU 501 A ASN 503 A GLU 505 A THR 506 A PHE 507 A THR 508 A HIS 510 A ASP 512 A LEU 516 A ILE 523 A LYS 524 A THR 527 A GLU 531 A LYS 534                                                                                               
003 |         000004.9450 | 00000237283168.0000 | A GLN 32 A GLN 33 A PRO 35 A PHE 36 A LEU 80 A ARG 81 A GLU 82 A THR 83 A TYR 84 A GLY 85 A GLU 86 A MET 87 A ASP 89 A CYS 90 A LYS 93 A GLU 97 A GLU 100 A CYS 101 A GLN 104 A HIS 105 A LYS 106 A ASP 107 A ASP 108 A ASN 109 A PRO 110 A ASN 111 A LEU 112 A PRO 113 A ARG 114 A TYR 140 A ARG 144 A GLN 204 A LYS 205 A PHE 206 A GLN 417 A SER 419 A THR 420 A PRO 421 A THR 422 A GLU 465 A LYS 466 A THR 467 A PRO 468 A VAL 469 A SER 470 A ASP 471 A ARG 472 A THR 474 A LYS 475 A THR 478 A GLU 479 A ASP 494 A THR 496 A LYS 500 A ASN 503 A GLU 505 A THR 506 A THR 508 A HIS 510
004 |         000004.7150 | 00000349831712.0000 | A LYS 413 A PRO 416 A GLN 417 A VAL 469 A SER 470 A ASP 471 A GLU 492 A VAL 493 A ASP 494 A GLU 495 A THR 496 A TYR 497 A VAL 498 A PRO 499 A LYS 500 A GLU 501 A PHE 502 A HIS 535 A LYS 536 A PRO 537 A LYS 538 A ALA 539 A THR 540 A LYS 541 A GLU 542 A GLN 543 A ALA 546 A VAL 576 A ALA 577 A SER 579 A GLN 580 A ALA 581 A ALA 582                                                                                                     
005 |         000004.6900 | 00000364908864.0000 | A ARG 348 A LYS 351 A THR 352 A THR 355 A GLU 376 A PRO 379 A LEU 380 A GLU 382 A GLU 383 A ASN 386 A LEU 387 A LYS 389 A GLN 390 A ASN 391 A GLU 393 A LEU 394 A GLU 396 A GLN 397 A LEU 398 A LYS 402 A VAL 409 A ARG 410 A LYS 413 A LYS 414 A GLN 417 A ASP 471 A ARG 472 A THR 474 A LYS 475 A CYS 476 A THR 478 A GLU 479 A SER 480 A ASN 483 A ARG 485 A PRO 486 A CYS 487 A SER 489 A ALA 490 A LEU 491 A GLU 492 A VAL 493 A ASP 494 A GLU 495 A THR 496 A PRO 537 A LYS 538 A ALA 539 A THR 540 A LYS 541 A GLU 542 A GLN 543 A LYS 545 A ALA 546 A ASP 549 
006 |         000004.6880 | 00000366142752.0000 | A GLN 33 A THR 83 A TYR 84 A GLY 85 A GLU 86 A MET 87 A HIS 105 A ASP 107 A ASN 111 A LEU 112 A PRO 113 A GLN 417 A VAL 418 A SER 419 A THR 420 A PRO 421 A LYS 466 A THR 467 A PRO 468 A VAL 469 A SER 470 A ASP 471 A THR 496 A TYR 497 A VAL 498 A PRO 499 A LYS 500 A GLU 501 A ASN 503 A GLU 505 A THR 506 A PHE 507 A THR 508 A HIS 510 A GLU 531 A LYS 534
007 |         000004.6870 | 00000366761248.0000 | A GLN 32 A GLN 33 A CYS 34 A PRO 35 A PHE 36 A GLU 37 A LEU 80 A ARG 81 A GLU 82 A THR 83 A TYR 84 A GLY 85 A GLU 86 A ASP 89 A LYS 93 A GLU 97 A GLU 100 A CYS 101 A GLN 104 A HIS 105 A LYS 106 A ASP 107 A ASN 109 A PRO 110 A ASN 111 A LEU 112 A PRO 113 A ARG 114 A TYR 140 A ARG 144 A GLN 204 A LYS 205 A PHE 206 A GLN 417 A SER 419 A THR 420 A PRO 421 A THR 422 A HIS 464 A GLU 465 A LYS 466 A THR 467 A PRO 468 A VAL 469 A SER 470 A ASP 471 A ARG 472 A THR 474 A LYS 475 A THR 478 A GLU 479 A ASP 494 A THR 496 A LYS 500 A GLU 505 A THR 506 A PHE 507 A THR 508 A HIS 510                                                                                                 
008 |         000004.6840 | 00000368623040.0000 | A LYS 413 A PRO 416 A ARG 472 A ALA 490 A LEU 491 A GLU 492 A VAL 493 A ASP 494 A GLU 495 A THR 496 A TYR 497 A VAL 498 A PRO 499 A LYS 500 A GLU 501 A PHE 502 A HIS 535 A LYS 536 A PRO 537 A LYS 538 A ALA 539 A THR 540 A LYS 541 A GLU 542 A GLN 543 A SER 579 A GLN 580 A ALA 581 A ALA 582
009 |         000004.6350 | 00000400405440.0000 | A GLN 33 A CYS 34 A PRO 35 A PHE 36 A GLU 37 A ASP 38 A LYS 41 A THR 76 A VAL 77 A LEU 80 A GLU 82 A THR 83 A TYR 84 A GLY 85 A GLU 86 A MET 87 A GLN 104 A HIS 105 A LYS 106 A ASP 107 A ASP 108 A PRO 110 A ASN 111 A LEU 112 A PRO 113 A ARG 144 A ARG 197 A GLN 204 A LYS 205 A GLN 417 A VAL 418 A SER 419 A THR 420 A PRO 421 A GLU 465 A LYS 466 A THR 467 A PRO 468 A VAL 469 A SER 470 A ASP 471 A THR 474 A THR 478 A THR 496 A TYR 497 A VAL 498 A PRO 499 A LYS 500 A GLU 501 A PHE 502 A ASN 503 A GLU 505 A THR 506 A PHE 507 A GLU 531 A LYS 534
010 |         000004.6200 | 00000410672000.0000 | A GLU 184 A ASP 187 A GLU 188 A ALA 191 A LYS 225 A ALA 226 A GLU 227 A PHE 228 A GLU 230 A LYS 262 A TYR 263 A CYS 265 A GLU 266 A ASN 267 A GLN 268 A ASP 269 A SER 270 A SER 273 A LYS 274 A LYS 276 A GLU 277 A CYS 279 A GLU 280 A LYS 281 A PRO 282 A LYS 286 A HIS 288 A CYS 289 A GLU 292 A VAL 293 A GLU 294 A GLU 297 A PRO 299 A ALA 300 A ASP 301 A LEU 302 A PRO 303 A TYR 332 A GLU 333 A ARG 336 A ARG 337 A PHE 395 A GLU 396 A GLN 397 A LEU 398 A GLY 399 A GLU 400 A TYR 401 A LYS 402 A GLN 404 A ARG 428 A LYS 432 A SER 435 A LYS 436 A CYS 438 A LYS 439 A HIS 440 A GLU 518 A LYS 519 A GLN 522 A GLN 526                                                             
011 |         000004.5830 | 00000437135872.0000 | A GLN 33 A THR 83 A TYR 84 A GLY 85 A GLU 86 A MET 87 A GLN 104 A HIS 105 A LYS 106 A ASP 107 A ASP 108 A ASN 109 A PRO 110 A ASN 111 A PRO 113 A ARG 197 A GLN 204 A LYS 205 A GLN 417 A VAL 418 A SER 419 A THR 420 A PRO 421 A GLU 465 A LYS 466 A THR 467 A PRO 468 A VAL 469 A SER 470 A ASP 471 A THR 474 A THR 496 A TYR 497 A VAL 498 A PRO 499 A LYS 500 A GLU 501 A ASN 503 A ALA 504 A GLU 505 A THR 506 A PHE 507 A THR 508 A HIS 510 A GLU 531 A LYS 534                                                                                                 
012 |         000004.5750 | 00000443078368.0000 | A PRO 379 A GLU 382 A GLU 383 A GLN 385 A ASN 386 A LEU 387 A LYS 389 A GLN 390 A ASN 391 A GLU 393 A LEU 394 A GLU 396 A GLN 397 A LEU 398 A ALA 406 A VAL 409 A ARG 410 A LYS 413 A CYS 438 A LYS 439 A HIS 440 A PRO 441 A GLU 442 A ARG 445 A SER 489 A GLU 492 A VAL 493 A GLU 495 A PRO 537 A LYS 538 A ALA 539 A THR 540 A LYS 541 A GLU 542 A GLN 543 A LEU 544 A LYS 545 A ALA 546